dPATH0191,2681,2129,1,TOWER,PATH,CashierUpLeftUpLeftUp,1Cas
dPATH0071,3429,3210,1,TOWER,PATH,HallConnectorUp,1Hal
dPATH0192,3595,1701,2,TOWER,PATH,TopElevator,2Top
CDEPT002L1,4337,1331,L1,Tower,DEPT,Day Surgery Family Waiting Floor L1,Department C002L1
dPATH0074,1559,506,4,TOWER,PATH,LeftLeftUpUP,3Lef
dPATH0195,2608,2550,5,TOWER,PATH,CenterBotLeftStorEnt,3Cen
dPATH0075,1559,506,5,TOWER,PATH,LeftLeftUpUP,3Lef
dPATH0072,3315,2749,2,TOWER,PATH,LeftUpHall,2Lef
dPATH0193,2608,2550,3,TOWER,PATH,CenterBotLeftStorEnt,3Cen
dPATH0073,1559,506,3,TOWER,PATH,LeftLeftUpUP,3Lef
dPATH0194,2608,2550,4,TOWER,PATH,CenterBotLeftStorEnt,3Cen
FHALL00701,3283,1650,1,Tower,HALL,Tower Elevator Entrance,Hallway F00701
FSTAI00101,4474,1504,1,Tower,STAI,Lobby Shattuck Street Stairs,Stairway F00101
dPATH0181,2790,2130,1,TOWER,PATH,UpLeftUpLeftUp,1UpL
dPATH0063,1171,1444,3,TOWER,PATH,LeftLeftUpLeftUp,3Lef
dPATH0184,2884,2455,4,TOWER,PATH,CenterBotLeftPat1,3Cen
WELEV00M01,3519,3179,1,Tower,ELEV,Elevator M Floor 1,Elevator M1
dPATH0064,1171,1444,4,TOWER,PATH,LeftLeftUpLeftUp,3Lef
dPATH0185,2884,2455,5,TOWER,PATH,CenterBotLeftPat1,3Cen
dPATH0061,2734,3086,1,TOWER,PATH,AuBonPanNode,1AuB
dPATH0182,4213,1437,2,TOWER,PATH,LeftUpRightRightUpRightUp,2Lef
FEXIT00301,4827,3514,1,Tower,EXIT,Emergency Department Entrance,Emergency Entrance
dPATH0062,3528,3026,2,TOWER,PATH,Stairs,2Sta
dPATH0183,2884,2455,3,TOWER,PATH,CenterBotLeftPat1,3Cen
dSTOR00205,2383,2356,5,Tower,STOR,Clean Equipment Storage,CES
dSTOR00204,2383,2356,4,Tower,STOR,Clean Equipment Storage,CES
dPATH0065,1171,1444,5,TOWER,PATH,LeftLeftUpLeftUp,3Lef
dSTOR00203,2383,2356,3,Tower,STOR,Clean Equipment Storage,CES
FHALL01801,3285,1781,1,Tower,HALL,Tower Hallway 10,Hallway F01801
dPATH0291,3378,1799,1,TOWER,PATH,UpLeftUpUp,1UpL
dPATH0052,3315,3029,2,TOWER,PATH,LeftUpHall,2Lef
dPATH0173,2665,2456,3,TOWER,PATH,CenterBotLeftCircDown,3Cen
dPATH0294,2266,2517,4,TOWER,PATH,ColeIsColorblind,3Col
dPATH0053,1174,1933,3,TOWER,PATH,LeftLeftUpLeft,3Lef
dPATH0174,2665,2456,4,TOWER,PATH,CenterBotLeftCircDown,3Cen
dPATH0295,2266,2517,5,TOWER,PATH,ColeIsColorblind,3Col
dPATH0171,2788,2254,1,TOWER,PATH,UpLeftUpLeft,1UpL
dPATH0051,2880,3082,1,TOWER,PATH,HallAboveCash,1Hal
dPATH0172,4599,1586,2,TOWER,PATH,LeftUpRightRightUpRight,2Lef
dPATH0293,2266,2517,3,TOWER,PATH,ColeIsColorblind,3Col
dPATH0054,1174,1933,4,TOWER,PATH,LeftLeftUpLeft,3Lef
dPATH0175,2665,2456,5,TOWER,PATH,CenterBotLeftCircDown,3Cen
dPATH0055,1174,1933,5,TOWER,PATH,LeftLeftUpLeft,3Lef
FHALL00801,3279,1312,1,Tower,HALL,Tower Hallway 1,Hallway F00801
dSTOR00305,3042,2181,5,Tower,STOR,Bed and Recliner Parking,BRP
FEXIT00201,3233,3377,1,Tower,EXIT,75 Francis Valet Drop-off,75 Francis Exit
HHALL01002,4633,3233,2,Tower,HALL,Hallway Connector 10 Floor 2,Hallway H01002
WELEV00LL1,3521,1661,L1,Tower,ELEV,Elevator L Floor L1,Elevator LL1
dPATH010L1,3418,3406,L1,TOWER,PATH,DungeonDiving,L1Dun
HHALL01003,3430,1195,3,Tower,HALL,Hallway Connector 10 Floor 3,Hallway H01003
WELEV00LL2,3543,1656,L2,Tower,ELEV,Elevator L Floor L2,Elevator LL2
HHALL01004,3511,1193,4,Tower,HALL,Hallway Connector 10 Floor 3,Hallway H01003
HHALL01005,3511,1193,5,Tower,HALL,Hallway Connector 10 Floor 3,Hallway H01003
FSTAI00201,2919,1094,1,Tower,STAI,Tower Stairway 1,Tower Stairs 1
dPATH010L2,5104,1331,L2,TOWER,PATH,ExitToTheVOID,L2Exi
dPATH0041,2882,3204,1,TOWER,PATH,CashierHall,1Cas
dPATH0162,4319,1578,2,TOWER,PATH,LeftUpRightRightUpRight,2Lef
dPATH0283,2241,2734,3,TOWER,PATH,OhHeyABurger,3OhH
dPATH0042,3309,4206,2,TOWER,PATH,LeftDownHall,2Lef
dPATH0163,2656,2144,3,TOWER,PATH,CenterBotLeftCirc,3Cen
dPATH0284,2241,2734,4,TOWER,PATH,OhHeyABurger,3OhH
dPATH0281,3492,2133,1,TOWER,PATH,PatientCenterUpLeftUpUp,1Pat
dPATH0161,2280,2191,1,TOWER,PATH,LeftLeftLeftUpBigRoom,1Lef
dPATH0045,1556,1934,5,TOWER,PATH,LeftLeftUp,3Lef
dSTOR00304,3045,2181,4,Tower,STOR,Bed and Recliner Parking,BRP
dSTOR00303,3045,2183,3,Tower,STOR,Bed and Recliner Parking,BRP
dPATH0043,1556,1934,3,TOWER,PATH,LeftLeftUp,3Lef
dPATH0164,2656,2144,4,TOWER,PATH,CenterBotLeftCirc,3Cen
dPATH0285,2241,2734,5,TOWER,PATH,OhHeyABurger,3OhH
dPATH0044,1556,1934,4,TOWER,PATH,LeftLeftUp,3Lef
dPATH0165,2656,2144,5,TOWER,PATH,CenterBotLeftCirc,3Cen
FHALL01901,3302,2492,1,Tower,HALL,Tower Hallway 11,Hallway F01901
CHALL009L2,3787,1652,L2,Tower,HALL,Hallway 9 Floor L2,Hallway C009L2
FRETL00201,2642,3062,1,Tower,RETL,Au Bon Pain,ABP
FHALL00501,4118,1579,1,Tower,HALL,Shattuck Street Lobby 3,Hallway F00501
dPATH0151,2280,2497,1,TOWER,PATH,LeftLeftLeftHall,1Lef
dPATH0393,2382,1959,3,TOWER,PATH,CenterLeftBotTopCram,3Cen
dPATH0031,3097,2955,1,TOWER,PATH,InfoDesk,1Inf
dPATH0152,3900,1702,2,TOWER,PATH,LeftUpRightRightUp,2Lef
dPATH0273,2316,2557,3,TOWER,PATH,Killmeplease,3Kil
dPATH0394,2382,1959,4,TOWER,PATH,CenterLeftBotTopCram,3Cen
dPATH0391,4315,1606,1,TOWER,PATH,ElevRightHall,1Ele
dPATH0271,3386,2138,1,TOWER,PATH,UpLeftUpUp,1UpL
dPATH0034,1562,3241,4,TOWER,PATH,LeftLeft,3Lef
dPATH0155,2786,2141,5,TOWER,PATH,CenterBottomLeft,3Cen
dPATH0035,1562,3241,5,TOWER,PATH,LeftLeft,3Lef
dPATH0032,3312,3240,2,TOWER,PATH,LeftHall,2Lef
dPATH0153,2786,2141,3,TOWER,PATH,CenterBottomLeft,3Cen
dPATH0274,2316,2557,4,TOWER,PATH,Killmeplease,3Kil
dPATH0395,2382,1959,5,TOWER,PATH,CenterLeftBotTopCram,3Cen
dPATH0033,1562,3241,3,TOWER,PATH,LeftLeft,3Lef
dPATH0154,2786,2141,4,TOWER,PATH,CenterBottomLeft,3Cen
dPATH0275,2316,2557,5,TOWER,PATH,Killmeplease,3Kil
FHALL02801,3216,3189,1,Tower,HALL,Lobby Entrance Hallway,HallwayF02801
dPATI00905,2081,1298,5,Tower,PATI,Patient Rooms Pod B,PRB
dPATI00904,2081,1298,4,Tower,PATI,Patient Rooms Pod B,PRB
dPATI00903,2081,1298,3,Tower,PATI,Patient Rooms Pod B,PRB
WELEV00ML1,3519,3236,L1,Tower,ELEV,Elevator M Floor L1,Elevator ML1
HHALL01103,3094,1193,3,Tower,HALL,Hallway Connector 11 Floor 3,Hallway H01103
HHALL01104,3094,1193,4,Tower,HALL,Hallway Connector 11 Floor 3,Hallway H01103
FSTAI00301,4052,3013,1,Tower,STAI,Lobby Escalator,Lobby Escalator
HHALL01105,3094,1193,5,Tower,HALL,Hallway Connector 11 Floor 3,Hallway H01103
WELEV00ML2,3541,3246,L2,Tower,ELEV,Elevator M Floor L2,Elevator ML2
dEXIT00401,2259,1663,1,Tower,EXIT,West Plaza Entrance/Exit,WP
FHALL01601,3299,2237,1,Tower,HALL,Tower Hallway 8,Hallway F01601
dPATH0261,3002,1113,1,TOWER,PATH,TOWERSTAIRWAY1,1TOW
dPATH0141,2724,2501,1,TOWER,PATH,UpLeftLeftHall,1UpL
dPATH0383,2369,2140,3,TOWER,PATH,CenterBotLeftTop,3Cen
dPATH0381,4205,1603,1,TOWER,PATH,ElevRightHall,1Ele
dPATH0023,3143,2985,3,TOWER,PATH,LeftStairUp,3Lef
dPATH0144,3131,2204,4,TOWER,PATH,CenterMidDown,3Cen
dPATH0265,2401,2780,5,TOWER,PATH,SerioulythisisPAIN,3Ser
dPATH0024,3143,3013,4,TOWER,PATH,LeftStairUp,3Lef
dPATH0145,3131,2204,5,TOWER,PATH,CenterMidDown,3Cen
dPATH0021,3098,3208,1,TOWER,PATH,InFrontOfDeskHall,1InF
dPATH0142,2712,2071,2,TOWER,PATH,SecondShitter,2Sec
dPATH0263,2401,2780,3,TOWER,PATH,SerioulythisisPAIN,3Ser
dPATH0384,2369,2140,4,TOWER,PATH,CenterBotLeftTop,3Cen
dPATH0022,4723,3480,2,TOWER,PATH,RightDown,2Rig
dPATH0143,3131,2204,3,TOWER,PATH,CenterMidDown,3Cen
dPATH0264,2401,2780,4,TOWER,PATH,SerioulythisisPAIN,3Ser
dPATH0385,2369,2140,5,TOWER,PATH,CenterBotLeftTop,3Cen
dPATH0025,3142,3011,5,TOWER,PATH,LeftStairUp,3Lef
FDEPT00101,2574,1205,1,Tower,DEPT,Center for International Medicine,CIM
FRETL00101,4228,1289,1,Tower,RETL,Lobby Vending Machine,VM Lobby
HHALL00102,3808,1680,2,Tower,HALL,Hallway Connector 1 Floor 2,Hallway H00102
HHALL00103,1470,486,3,Tower,HALL,Hallway Connector 1 Floor 3,Hallway H00103
FINFO00101,3008,2923,1,Tower,INFO,75 Lobby Information Desk,Lobby Info Desk
HHALL00104,1470,485,4,Tower,HALL,Hallway Connector 1 Floor 3,Hallway H00103
HHALL00105,1470,482,5,Tower,HALL,Hallway Connector 1 Floor 3,Hallway H00103
dPATH0371,3833,1670,1,TOWER,PATH,ElevRightHallway,1Ele
dPATH0251,2798,1116,1,TOWER,PATH,UpLeftUpLeftUp,1UpL
dPATH0493,2188,1058,3,TOWER,PATH,ThatTailpipe,3Tha
dPATH0491,4831,1897,1,TOWER,PATH,LeTopRightShitter,1LeT
dPATH0012,4725,3260,2,TOWER,PATH,Right,2Rig
dPATH0133,3131,2141,3,TOWER,PATH,CenterBottomMid,3Cen
dPATH0254,2452,2616,4,TOWER,PATH,ImSUFFERING,3ImS
dPATH0375,2193,2044,5,TOWER,PATH,INeedALife,3INe
dPATH0013,3144,3240,3,TOWER,PATH,Left,3Lef
dPATH0134,3131,2141,4,TOWER,PATH,CenterBottomMid,3Cen
dPATH0255,2452,2616,5,TOWER,PATH,ImSUFFERING,3ImS
dPATH0131,3120,2691,1,TOWER,PATH,CashierUpLeftHallDown,1Cas
dPATH0373,2193,2044,3,TOWER,PATH,INeedALife,3INe
dPATH0494,2188,1058,4,TOWER,PATH,ThatTailpipe,3Tha
dPATH0011,3306,3211,1,TOWER,PATH,RevolvingHallway,1Rev
dPATH0132,2771,2133,2,TOWER,PATH,LeftUpRightLEFT,2Lef
dPATH0253,2452,2616,3,TOWER,PATH,ImSUFFERING,3ImS
dPATH0374,2193,2044,4,TOWER,PATH,INeedALife,3INe
dPATH0495,2188,1058,5,TOWER,PATH,ThatTailpipe,3Tha
FHALL00601,3747,1656,1,Tower,HALL,Tower Lobby Entrance 1,Tower Entrance
dPATH0014,3144,3240,4,TOWER,PATH,Left,3Lef
dPATH0135,3131,2141,5,TOWER,PATH,CenterBottomMid,3Cen
FHALL02901,3006,3182,1,Tower,HALL,75 Lobby,75 Lobby
dPATH0015,3144,3240,5,TOWER,PATH,Left,3Lef
dPATI00805,1984,1153,5,Tower,PATI,Patient Rooms Pod B,PRB
dPATI00804,1984,1153,4,Tower,PATI,Patient Rooms Pod B,PRB
dPATI00803,1970,1112,3,Tower,PATI,Patient Rooms Pod B,PRB
HHALL01203,2699,1193,3,Tower,HALL,Hallway Connector 12 Floor 3,Hallway H01203
HHALL01204,2699,1193,4,Tower,HALL,Hallway Connector 12 Floor 3,Hallway H01203
HHALL01205,2699,1193,5,Tower,HALL,Hallway Connector 12 Floor 3,Hallway H01203
FDEPT00201,2666,2497,1,Tower,DEPT,Bretholtz Center for Patients and Families,Bretholtz WR
dPATH0481,4552,1895,1,TOWER,PATH,TopRightGoDown,1Top
dPATH0361,3607,1672,1,TOWER,PATH,UpELEVATOR,1UpE
dPATH0001,3309,3413,1,TOWER,PATH,RevolvIngDoorsNode,1Rev
dPATH0122,3898,2138,2,TOWER,PATH,LeftUpRightRight,2Lef
dPATH0243,2758,2678,3,TOWER,PATH,BotPatPlzWork,3Bot
dPATH0364,2320,2138,4,TOWER,PATH,JoannaIsMentallllll,3Joa
dPATH0485,2235,1170,5,TOWER,PATH,Cars2IsTheBestMovie,3Car
dPATH0002,3619,3240,2,TOWER,PATH,MainElev,2Mai
dPATH0123,3381,2136,3,TOWER,PATH,CenterLeftDownDown,3Cen
dPATH0244,2758,2678,4,TOWER,PATH,BotPatPlzWork,3Bot
dPATH0365,2320,2138,5,TOWER,PATH,JoannaIsMentallllll,3Joa
dSTOR00105,2383,969,5,Tower,STOR,Clean Equipment Storage,CES
dPATH0241,2795,1226,1,TOWER,PATH,UpLeftUpLeftUp,1UpL
dPATH0483,2235,1170,3,TOWER,PATH,Cars2IsTheBestMovie,3Car
dSTOR00104,2383,969,4,Tower,STOR,Clean Equipment Storage,CES
dPATH0121,3124,2505,1,TOWER,PATH,UpLeftHallway,1UpL
dPATH0363,2320,2138,3,TOWER,PATH,JoannaIsMentallllll,3Joa
dPATH0484,2235,1170,4,TOWER,PATH,Cars2IsTheBestMovie,3Car
dSTOR00103,2383,969,3,Tower,STOR,Clean Equipment Storage,CES
dPATH0005,3623,3242,5,TOWER,PATH,BotElev,3Bot
FHALL01701,3111,1775,1,Tower,HALL,Tower Hallway 9,Hallway F01701
dPATH0003,3623,3242,3,TOWER,PATH,BotElev,3Bot
dPATH0124,3381,2136,4,TOWER,PATH,CenterLeftDownDown,3Cen
dPATH0245,2758,2678,5,TOWER,PATH,BotPatPlzWork,3Bot
dPATH0004,3623,3242,4,TOWER,PATH,BotElev,3Bot
dPATH0125,3381,2136,5,TOWER,PATH,CenterLeftDownDown,3Cen
HDEPT00104,3183,1541,4,Tower,DEPT,Dialysis Waiting Room,Dialysis WR
HDEPT00105,3248,1544,5,Tower,DEPT,Dialysis Waiting Room,Dialysis WR
HDEPT00102,4633,3453,2,Tower,DEPT,Endoscopy,Endoscopy
dPATH001L2,3454,3262,L2,TOWER,PATH,Left,L2Lef
HDEPT00103,3189,1542,3,Tower,DEPT,Dialysis Waiting Room,Dialysis WR
dPATH001L1,3388,1689,L1,TOWER,PATH,Left,L1Lef
CHALL010L2,5020,1309,L2,Tower,HALL,Hallway 10 Floor L2,Hallway C010L2
FHALL00301,4363,1588,1,Tower,HALL,Shattuck Street Lobby 1,Hallway F00301
FHALL02601,4465,3009,1,Tower,HALL,Lobby Hallway 4,Hallway F02601
HRETL00302,3596,2351,2,Tower,RETL,Gift Shop Tower Floor 2,Gift Shop
dPATI01105,2296,1921,5,Tower,PATI,Patient Rooms Pod C,PRC
dPATI01104,2304,1899,4,Tower,PATI,Patient Rooms Pod C,PRC
dPATI01103,2304,1899,3,Tower,PATI,Patient Rooms Pod C,PRC
FSERV00101,4111,1379,1,Tower,SERV,Shattuck Street Lobby ATM,Lobby ATM
dPATH013L1,3610,3262,L1,TOWER,PATH,BotElevator,L1Bot
FHALL01401,2704,2110,1,Tower,HALL,Tower Hallway 6,Hallway F01401
FDEPT00301,3111,1684,1,Tower,DEPT,Multifaith Chapel,Chapel
dPATH002L1,3383,1371,L1,TOWER,PATH,LeftUp,L1Lef
dPATH002L2,3460,3433,L2,TOWER,PATH,LeftDownBetween,L2Lef
FHALL02701,4664,3017,1,Tower,HALL,Lobby Hallway 7,Hallway F02701
FHALL00401,4234,1586,1,Tower,HALL,Shattuck Street Lobby 2,Hallway F00401
HRETL00202,2685,2117,2,Tower,RETL,Vending Machine Floor 2?,Vending Machine
dPATI01005,2304,1408,5,Tower,PATI,Patient Rooms Pod B,PRB
dPATI01004,2304,1408,4,Tower,PATI,Patient Rooms Pod B,PRB
dPATI01003,2304,1408,3,Tower,PATI,Patient Rooms Pod B,PRB
WHALL001L2,3389,4316,L2,Tower,HALL,Hallway Connector 1 Floor L2,Hallway W01L2
dPATH014L1,4365,3262,L1,TOWER,PATH,LeftDownRightRight,L1Lef
FREST00101,4748,1877,1,Tower,REST,Bathroom 75 Lobby,Bathroom Lobby
FDEPT00401,3476,2605,1,Tower,DEPT,Sharf Admitting Center,Sharf Center
FHALL01501,2701,2232,1,Tower,HALL,Tower Hallway 7,Hallway F01501
dHALL007L2,3790,1310,L2,TOWER,HALL,Hallway 9 Floor L2,L2Hal
FHALL02401,4176,3190,1,Tower,HALL,Lobby Hallway 2,Hallway F02401
FHALL00101,4594,1596,1,Tower,HALL,Lower Pike Hallway Exit Lobby,Hallway F00101
HRETL00102,4102,1392,2,Tower,RETL,Garden Cafe,Garden Cafe
dPATH011L1,3420,3799,L1,TOWER,PATH,Dungonenoain,L1Dun
dPATI02004,2800,2408,4,Tower,PATI,Patient Rooms Pod C,PRC
dPATI02005,2796,2428,5,Tower,PATI,Patient Rooms Pod C,PRC
FDEPT00501,4898,3297,1,Tower,DEPT,Emergency Department,Emergency
FHALL01201,2448,1662,1,Tower,HALL,Tower Staff Entrance,Hallway F01201
HSTAI00202,3053,2729,2,Tower,STAI,Stairwell 2 Tower Floor 2,Stairwell 0202
dPATI02003,2800,2408,3,Tower,PATI,Patient Rooms Pod C,PRC
HDEPT00205,3094,1237,5,Tower,DEPT,MICU 3BC Waiting Room,MICU 3BC WR
HDEPT00203,3094,1237,3,Tower,DEPT,MICU 3BC Waiting Room,MICU 3BC WR
HDEPT00204,3094,1237,4,Tower,DEPT,MICU 3BC Waiting Room,MICU 3BC WR
CDEPT003L1,3748,1339,L1,Tower,DEPT,Day Surgery Family Waiting Exit Floor L1,Department C003L1
dPATH000L1,3608,1683,L1,TOWER,PATH,UpElev,L1UpE
dPATH000L2,3617,3262,L2,TOWER,PATH,SufferingAnElevator,L2Suf
dPATH0092,3465,2379,2,TOWER,PATH,LeftHallUp,2Lef
FHALL00201,4467,1591,1,Tower,HALL,Lobby Shattuck Street,Hallway F00201
dPATH0093,3380,1679,3,TOWER,PATH,CenterLeft,3Cen
FHALL02501,4182,3014,1,Tower,HALL,Lobby Hallway 3,Hallway F02501
dPATH0091,3559,2630,1,TOWER,PATH,SharfHall,1Sha
dPATH0094,3382,1672,4,TOWER,PATH,CenterLeft,3Cen
dPATH0095,3382,1679,5,TOWER,PATH,CenterLeft,3Cen
FLABS00101,3669,3055,1,Tower,LABS,Obstetrics Admitting,Obs Admitting
dPATH012L1,3418,4315,L1,TOWER,PATH,IAmTheDevil,L1IAm
dPATH0081,3431,2636,1,TOWER,PATH,HallUp,1Hal
FHALL01301,2703,1204,1,Tower,HALL,Tower Hallway 5,Hallway F01301
dPATH0082,3133,2745,2,TOWER,PATH,SideTowerStair,2Sid
FDEPT00601,3400,2112,1,Tower,DEPT,International Patient Center,IPC
dPATH0085,3589,1676,5,TOWER,PATH,brutustheforcus,3bru
dPATH0083,3585,1679,3,TOWER,PATH,brutustheforcus,3bru
dPATH0084,3589,1679,4,TOWER,PATH,brutustheforcus,3bru
HSTAI00302,3443,3006,2,Tower,STAI,Escalator 1 Floor 2,Escalator 1 Floor 2
CLABS002L1,3329,2408,L1,Tower,LABS,Pre-Op PACU Floor L1,Lab C002L1
HHALL00603,3294,1655,3,Tower,HALL,Hallway Connector 6 Floor 3,Hallway H00603
dPATH0515,2058,1137,5,TOWER,PATH,TheWorldIsFloating,3The
HHALL00604,3292,1651,4,Tower,HALL,Hallway Connector 6 Floor 3,Hallway H00603
HHALL00605,3292,1654,5,Tower,HALL,Hallway Connector 6 Floor 3,Hallway H00603
dPATH0513,2058,1137,3,TOWER,PATH,TheWorldIsFloating,3The
dPATH0634,3181,1274,4,TOWER,PATH,LukeIsWeird,3Luk
dPATH0514,2058,1137,4,TOWER,PATH,TheWorldIsFloating,3The
dPATH0635,3181,1274,5,TOWER,PATH,LukeIsWeird,3Luk
HBATH00102,2625,2040,2,Tower,BATH,Bathroom 1 Tower Floor 2,Bathroom 0102
HBATH00103,3433,1300,3,Tower,BATH,Bathroom 1 Tower Floor 3,Bathroom 0103
HBATH00104,3511,1310,4,Tower,BATH,Bathroom 1 Tower Floor 3,Bathroom 0103
HBATH00105,3511,1237,5,Tower,BATH,Bathroom 1 Tower Floor 3,Bathroom 0103
HHALL00602,3376,2359,2,Tower,HALL,Hallway Connector 6 Floor 2,Hallway H00602
dPATH005L2,3385,2120,L2,TOWER,PATH,LeftUpUp,L2Lef
dPATH005L1,4428,1353,L1,TOWER,PATH,LeftUpRightRight,L1Lef
FHALL02201,3339,3186,1,Tower,HALL,Hallway Lobby Entrance,Entrance Hallway
CHALL014L1,3294,1351,L1,Tower,HALL,Hallway 14 Floor L1,Hallway C014L1
dPATI01505,2000,2558,5,Tower,PATI,Patient Rooms Pod C,PRC
dPATI01504,2019,2544,4,Tower,PATI,Patient Rooms Pod C,PRC
dPATI01503,2019,2544,3,Tower,PATI,Patient Rooms Pod C,PRC
dPATH0511,4553,2375,1,TOWER,PATH,LongBoi,1Lon
dPATH0633,3181,1274,3,TOWER,PATH,LukeIsWeird,3Luk
dPATH0631,4265,3040,1,TOWER,PATH,KillJohnLennon,1Kil
dPATH0504,2429,997,4,TOWER,PATH,RailgunIsAShow,3Rai
dPATH0625,3180,1218,5,TOWER,PATH,ExistingWhenRoastingIsHard,3Exi
dPATH0505,2429,997,5,TOWER,PATH,RailgunIsAShow,3Rai
dPATH0623,3180,1218,3,TOWER,PATH,ExistingWhenRoastingIsHard,3Exi
dPATH0503,2429,997,3,TOWER,PATH,RailgunIsAShow,3Rai
dPATH0624,3180,1218,4,TOWER,PATH,ExistingWhenRoastingIsHard,3Exi
FSERV00501,2793,3189,1,Tower,SERV,75 Lobby Valet Cashier,Valet Cashier
dPATH017L1,5063,2239,L1,TOWER,PATH,THEVOIDCONSUMES,L1THE
FHALL01001,2710,1097,1,Tower,HALL,Tower Hallway 3,Hallway F01001
FHALL03301,4670,3237,1,Tower,HALL,Emergency Hallway,Hallway F03301
dPATI00305,2546,574,5,Tower,PATI,Patient Rooms Pod B,PRB
dPATI00304,2546,574,4,Tower,PATI,Patient Rooms Pod B,PRB
dPATI00303,2546,574,3,Tower,PATI,Patient Rooms Pod B,PRB
dPATH0621,4264,3208,1,TOWER,PATH,RightyHo,1Rig
dPATH0501,4552,2085,1,TOWER,PATH,Loooonnnnggggboi,1Loo
HHALL00702,3228,2726,2,Tower,HALL,Hallway Connector 7 Floor 2,Hallway H00702
dPATH0614,2674,903,4,TOWER,PATH,DarksoulsKills,3Dar
HHALL00703,3292,1544,3,Tower,HALL,Hallway Connector 7 Floor 3,Hallway H00703
dPATH0615,2674,903,5,TOWER,PATH,DarksoulsKills,3Dar
HHALL00704,3292,1544,4,Tower,HALL,Hallway Connector 7 Floor 3,Hallway H00703
HHALL00705,3292,1544,5,Tower,HALL,Hallway Connector 7 Floor 3,Hallway H00703
dPATH0613,2674,903,3,TOWER,PATH,DarksoulsKills,3Dar
WHALL00702,3220,4186,2,Tower,HALL,Hallway Connector 7 Floor 2,Hallway W0702
dPATH006L1,3419,2122,L1,TOWER,PATH,LeftDown,L1Lef
dPATH006L2,3380,1680,L2,TOWER,PATH,LeftUpUpUp,L2Lef
FHALL02301,3664,3191,1,Tower,HALL,Lobby Hallway 1,Hallway F02301
dPATI01405,1949,2372,5,Tower,PATI,Patient Rooms Pod C,PRC
dPATI01404,1962,2413,4,Tower,PATI,Patient Rooms Pod C,PRC
dPATI01403,1951,2376,3,Tower,PATI,Patient Rooms Pod C,PRC
dPATH0603,2793,748,3,TOWER,PATH,TKBrokeHisKeyboard,3TKB
dPATH0604,2793,748,4,TOWER,PATH,TKBrokeHisKeyboard,3TKB
dPATH0601,3759,3102,1,TOWER,PATH,Lab,1Lab
dPATH0723,2895,939,3,TOWER,PATH,PpInspection,3PpI
dPATH0605,2793,748,5,TOWER,PATH,TKBrokeHisKeyboard,3TKB
FSERV00401,3114,1853,1,Tower,DEPT,Spiritual Care Office,SCO
FHALL01101,2699,1666,1,Tower,HALL,Tower Hallway 4,Hallway F01101
HSTAI00104,3051,2957,4,Tower,STAI,Stairwell 1 Floor 3,Stairwell
HSTAI00105,3051,2981,5,Tower,STAI,Stairwell 1 Floor 3,Stairwell
dPATI00205,2699,679,5,Tower,PATI,Patient Rooms Pod B,PRB
dPATI00204,2699,679,4,Tower,PATI,Patient Rooms Pod B,PRB
dPATI00203,2712,708,3,Tower,PATI,Patient Rooms Pod B,PRB
HSTAI00102,4623,1471,2,Tower,STAI,Stairwell 1 Floor 2,Stairwell 0102
HSTAI00103,3051,2951,3,Tower,STAI,Stairwell 1 Floor 3,Stairwell
dPATH0713,3453,1413,3,TOWER,PATH,ShafathIsDead,3Sha
HHALL00802,3225,3011,2,Tower,HALL,Hallway Connector 8 Floor 2,Hallway H00802
HHALL00803,3292,1390,3,Tower,HALL,Hallway Connector 8 Floor 3,Hallway H00803
HHALL00804,3292,1390,4,Tower,HALL,Hallway Connector 8 Floor 3,Hallway H00803
HHALL00805,3292,1390,5,Tower,HALL,Hallway Connector 8 Floor 3,Hallway H00803
dPATH003L1,3076,1371,L1,TOWER,PATH,LeftUpLeft,L1Lef
dPATH003L2,3474,4351,L2,TOWER,PATH,BotBotNearlyHell,L2Bot
CREST001L1,3333,2105,L1,Tower,REST,Restroom L Elevator Floor L1,Restroom C001L1
FHALL02001,3036,2489,1,Tower,HALL,Tower Hallway 12,Hallway F02001
dPATI01305,1971,2179,5,Tower,PATI,Patient Rooms Pod C,PRC
dPATI01304,1984,2149,4,Tower,PATI,Patient Rooms Pod C,PRC
dPATI01303,1984,2149,3,Tower,PATI,Patient Rooms Pod C,PRC
dPATH0703,3179,1154,3,TOWER,PATH,BodyStorage,3Bod
FSERV00301,3036,2676,1,Tower,SERV,Kessler Library,Kessler Library
CHALL001L1,3299,1669,L1,Tower,HALL,Hallway 1 Floor L1,Hallway C001L1
dPATH015L1,4805,3262,L1,TOWER,PATH,PeepeePoopooShitter,L1Pee
FHALL03101,4463,1877,1,Tower,HALL,Lobby Hallway 6,Hallway F02801
dPATI00105,2814,912,5,Tower,PATI,Patient Rooms Pod B,PRB
dPATI00104,2814,912,4,Tower,PATI,Patient Rooms Pod B,PRB
dPATI00103,2814,912,3,Tower,PATI,Patient Rooms Pod B,PRB
HBATH00205,3415,1917,5,Tower,BATH,Bathroom 2 Tower Floor 3,Bathroom 0203
HHALL00902,3225,3215,2,Tower,HALL,Hallway Connector 9 Floor 2,Hallway H00902
CLABS001L1,4279,3233,L1,Tower,LABS,Outpatient Fluoroscopy Floor L1,Lab C001L1
HHALL00903,3292,1193,3,Tower,HALL,Hallway Connector 9 Floor 3,Hallway H00903
HHALL00904,3292,1193,4,Tower,HALL,Hallway Connector 9 Floor 3,Hallway H00903
HHALL00905,3292,1193,5,Tower,HALL,Hallway Connector 9 Floor 3,Hallway H00903
HBATH00203,3411,1919,3,Tower,BATH,Bathroom 2 Tower Floor 3,Bathroom 0203
HBATH00204,3413,1913,4,Tower,BATH,Bathroom 2 Tower Floor 3,Bathroom 0203
dPATH004L1,3833,1363,L1,TOWER,PATH,LeftUpRight,L1Lef
dPATH004L2,3443,2217,L2,TOWER,PATH,LeftUp,L2Lef
FHALL02101,3341,2610,1,Tower,HALL,Tower Hallway Entrance,Tower Entrance 2
dPATI01205,2100,2016,5,Tower,PATI,Patient Rooms Pod C,PRC
dPATI01204,2081,2018,4,Tower,PATI,Patient Rooms Pod C,PRC
dPATI01203,2081,2018,3,Tower,PATI,Patient Rooms Pod C,PRC
FSERV00201,2591,2109,1,Tower,SERV,Tower Medical Cashier,Tower Cashier
dPATH016L1,5069,3261,L1,TOWER,PATH,ENTERTHEVOID,L1ENT
FHALL03201,3296,2122,1,Tower,HALL,Tower Hallway 13,Hallway F03201
CHALL007L2,3293,2102,L2,Tower,HALL,Hallway 7 Floor L2,Hallway C007L2
CHALL007L1,4973,2214,L1,Tower,HALL,Hallway 7 Floor L1,Hallway C007L1
dPATI01903,2677,2645,3,Tower,PATI,Patient Rooms Pod C,PRC
dPATI01904,2677,2645,4,Tower,PATI,Patient Rooms Pod C,PRC
HHALL00202,4227,1557,2,Tower,HALL,Hallway Connector 2 Floor 2,Hallway H00202
dPATI01905,2677,2655,5,Tower,PATI,Patient Rooms Pod C,PRC
HHALL00203,1086,1906,3,Tower,HALL,Hallway Connector 2 Floor 3,Hallway H00203
HHALL00204,1085,1909,4,Tower,HALL,Hallway Connector 2 Floor 3,Hallway H00203
dDIRT00103,2388,1671,3,TOWER,DIRT,Dirty Equipment Storage,DES
HHALL00205,1085,1909,5,Tower,HALL,Hallway Connector 2 Floor 3,Hallway H00203
dDIRT00104,2395,1673,4,TOWER,DIRT,Dirty Equipment Storage,DES
dDIRT00105,2392,1654,5,TOWER,DIRT,Dirty Equipment Storage,DES
dPATH009L2,3882,1337,L2,TOWER,PATH,ElevRIGHTUp,L2Ele
dPATH0591,3756,3211,1,TOWER,PATH,EntranceLab,1Ent
dPATH0471,4677,1612,1,TOWER,PATH,UpRightHallChillin,1UpR
dPATH009L1,3417,3264,L1,TOWER,PATH,leftDownDownDown,L1lef
dPATH0111,3387,2256,1,TOWER,PATH,UpHall,1UpH
dPATH0353,2066,2205,3,TOWER,PATH,CenterLeftBotLeftLeft,3Cen
dPATH0474,2172,1342,4,TOWER,PATH,PatVrOOM,3Pat
dPATH0595,2675,853,5,TOWER,PATH,MyRoomateHasTenidous,3MyR
dPATH0112,3688,2378,2,TOWER,PATH,VenderOrSomething,2Ven
dPATH0233,2596,2769,3,TOWER,PATH,PatRoomBotBot,3Pat
dPATH0354,2066,2205,4,TOWER,PATH,CenterLeftBotLeftLeft,3Cen
dPATH0475,2172,1342,5,TOWER,PATH,PatVrOOM,3Pat
dPATH0351,3373,1671,1,TOWER,PATH,UpLeftUpUpCONNECTME,1UpL
dPATH0593,2675,853,3,TOWER,PATH,MyRoomateHasTenidous,3MyR
dPATH0231,2794,1332,1,TOWER,PATH,UpLeftUpLeftUp,1UpL
dPATH0473,2172,1342,3,TOWER,PATH,PatVrOOM,3Pat
dPATH0594,2675,853,4,TOWER,PATH,MyRoomateHasTenidous,3MyR
dPATH0115,3501,1935,5,TOWER,PATH,OhSheet,3OhS
dPATH0113,3501,1935,3,TOWER,PATH,OhSheet,3OhS
dPATH0234,2596,2769,4,TOWER,PATH,PatRoomBotBot,3Pat
dPATH0355,2066,2205,5,TOWER,PATH,CenterLeftBotLeftLeft,3Cen
dPATH0114,3501,1935,4,TOWER,PATH,OhSheet,3OhS
dPATH0235,2596,2769,5,TOWER,PATH,PatRoomBotBot,3Pat
dPATI00705,1953,934,5,Tower,PATI,Patient Rooms Pod B,PRB
dPATI00704,1953,934,4,Tower,PATI,Patient Rooms Pod B,PRB
dPATI00703,1953,934,3,Tower,PATI,Patient Rooms Pod B,PRB
HHALL01303,2699,2114,3,Tower,HALL,Hallway Connector 13 Floor 3,Hallway H01303
HHALL01304,2699,2114,4,Tower,HALL,Hallway Connector 13 Floor 3,Hallway H01303
HHALL01305,2699,2114,5,Tower,HALL,Hallway Connector 13 Floor 3,Hallway H01303
HLABS00105,1082,1414,5,Tower,LABS,Reproductive Endocrine Labs,Reproductive Endocrine Labs
dPATH0581,3609,3211,1,TOWER,PATH,MainElevator,1Mai
dPATH0221,2352,1675,1,TOWER,PATH,WestPlazaExit,1Wes
dPATH0463,2365,1433,3,TOWER,PATH,PatRoom1TopLeft,3Pat
dPATH0584,2613,625,4,TOWER,PATH,FlyingIsNice,3Fly
dPATH0101,3398,2512,1,TOWER,PATH,UpHallLeft,1UpH
dPATH0343,2197,2284,3,TOWER,PATH,ImFailingHCI Oop,3ImF
dPATH0464,2365,1433,4,TOWER,PATH,PatRoom1TopLeft,3Pat
dPATH0585,2613,625,5,TOWER,PATH,FlyingIsNice,3Fly
HLABS00104,1080,1409,4,Tower,LABS,Reproductive Endocrine Labs,Reproductive Endocrine Labs
dPATH0461,4552,1611,1,TOWER,PATH,StairUpUpStraighLine,1Sta
HLABS00103,1082,1411,3,Tower,LABS,Reproductive Endocrine Labs,Reproductive Endocrine Labs
dPATH0341,3365,1333,1,TOWER,PATH,UpLeftUpUpCONNECTME,1UpL
dPATH0583,2613,625,3,TOWER,PATH,FlyingIsNice,3Fly
dPATH0104,3380,1939,4,TOWER,PATH,CenterLeftDown,3Cen
dPATH0225,2530,2606,5,TOWER,PATH,CenterBotLeftBotBot,3Cen
dPATH0105,3385,1936,5,TOWER,PATH,CenterLeftDown,3Cen
dPATH0102,3685,2138,2,TOWER,PATH,LeftUpRightish,2Lef
dPATH0223,2530,2606,3,TOWER,PATH,CenterBotLeftBotBot,3Cen
dPATH0344,2197,2284,4,TOWER,PATH,ImFailingHCI Oop,3ImF
dPATH0465,2385,1451,5,TOWER,PATH,PatRoom1TopLeft,3Pat
dPATH0103,3385,1936,3,TOWER,PATH,CenterLeftDown,3Cen
dPATH0224,2530,2606,4,TOWER,PATH,CenterBotLeftBotBot,3Cen
dPATH0345,2197,2284,5,TOWER,PATH,ImFailingHCI Oop,3ImF
dPATI01803,2528,2737,3,Tower,PATI,Patient Rooms Pod C,PRC
dPATI01804,2528,2737,4,Tower,PATI,Patient Rooms Pod C,PRC
dPATI01805,2511,2745,5,Tower,PATI,Patient Rooms Pod C,PRC
CHALL008L2,3295,1655,L2,Tower,HALL,Hallway 8 Floor L2,Hallway C008L2
HHALL00302,4508,1568,2,Tower,HALL,Hallway Connector 3 Floor 2,Hallway H00302
HHALL00303,1467,1914,3,Tower,HALL,Hallway Connector 3 Floor 3,Hallway H00303
HHALL00304,1467,1915,4,Tower,HALL,Hallway Connector 3 Floor 3,Hallway H00303
HHALL00305,1468,1915,5,Tower,HALL,Hallway Connector 3 Floor 3,Hallway H00303
dPATH0331,2663,1230,1,TOWER,PATH,InternationalStudyMedicine,1Int
dPATH0573,2416,593,3,TOWER,PATH,TogaBigOlYikes,3Tog
dPATH0694,3270,1562,4,TOWER,PATH,EnterTheWall,3Ent
dPATH0211,2535,1679,1,TOWER,PATH,UpLeftUpLeftUpLeft,1UpL
dPATH0453,2361,1216,3,TOWER,PATH,CenterTopRightCircleBotPat,3Cen
dPATH0574,2416,593,4,TOWER,PATH,TogaBigOlYikes,3Tog
dPATH0695,3270,1562,5,TOWER,PATH,EnterTheWall,3Ent
dPATH0571,4902,3544,1,TOWER,PATH,EmergencyExit,1Eme
dPATH0451,4553,1540,1,TOWER,PATH,Stair2TOP,1Sta
dPATH0693,3270,1562,3,TOWER,PATH,EnterTheWall,3Ent
dPATH0214,2786,1701,4,TOWER,PATH,CenterTopLeft,3Cen
dPATH0335,2263,2195,5,TOWER,PATH,CenterOfLeftCenterGRR,3Cen
dPATH0215,2786,1701,5,TOWER,PATH,CenterTopLeft,3Cen
dPATH0333,2263,2195,3,TOWER,PATH,CenterOfLeftCenterGRR,3Cen
dPATH0454,2361,1216,4,TOWER,PATH,CenterTopRightCircleBotPat,3Cen
dPATH0575,2416,593,5,TOWER,PATH,TogaBigOlYikes,3Tog
dPATH0213,2786,1701,3,TOWER,PATH,CenterTopLeft,3Cen
dPATH0334,2263,2195,4,TOWER,PATH,CenterOfLeftCenterGRR,3Cen
dPATH0455,2361,1216,5,TOWER,PATH,CenterTopRightCircleBotPat,3Cen
dPATH0205,2478,2390,5,TOWER,PATH,CenterStorBotLeft,3Cen
dPATI00605,2002,763,5,Tower,PATI,Patient Rooms Pod B,PRB
dPATI00604,2002,763,4,Tower,PATI,Patient Rooms Pod B,PRB
FHALL03001,2789,3063,1,Tower,HALL,Lobby Hallway 5,Hallway F02701
CREST002L1,4722,3238,L1,Tower,REST,Restroom M Elevator Floor L1,Restroom C002L1
HHALL01403,3292,2114,3,Tower,HALL,Hallway Connector 14 Floor 3,Hallway H01403
HHALL01404,3292,2114,4,Tower,HALL,Hallway Connector 14 Floor 3,Hallway H01403
HHALL01405,3292,2114,5,Tower,HALL,Hallway Connector 14 Floor 3,Hallway H01403
dPATH0441,4532,1115,1,TOWER,PATH,ExitActuallyTop,1Exi
dPATH0683,3382,1561,3,TOWER,PATH,HelpersAreOverrated,3Hel
dPATI00603,2002,763,3,Tower,PATI,Patient Rooms Pod B,PRB
dPATH0321,3201,1701,1,TOWER,PATH,UpLeftUpUpLeftUp,1UpL
dPATH0563,2489,738,3,TOWER,PATH,IDontWant,3IDo
dPATH0684,3382,1561,4,TOWER,PATH,HelpersAreOverrated,3Hel
dPATH0561,4988,3310,1,TOWER,PATH,BotRightEntrance,1Bot
dPATH0203,2478,2390,3,TOWER,PATH,CenterStorBotLeft,3Cen
dPATH0324,2035,2396,4,TOWER,PATH,ThisPatientISDYING!!,3Thi
dPATH0445,2677,1221,5,TOWER,PATH,CenterTopLeftCircle,3Cen
dPATH0204,2478,2390,4,TOWER,PATH,CenterStorBotLeft,3Cen
dPATH0325,2035,2396,5,TOWER,PATH,ThisPatientISDYING!!,3Thi
dPATH0201,2790,1686,1,TOWER,PATH,UpLeftUpLeftUp,1UpL
dPATH0443,2677,1221,3,TOWER,PATH,CenterTopLeftCircle,3Cen
dPATH0564,2489,738,4,TOWER,PATH,IDontWant,3IDo
dPATH0685,3382,1561,5,TOWER,PATH,HelpersAreOverrated,3Hel
dPATH0202,4714,1498,2,TOWER,PATH,TopStair,2Top
dPATH0323,2035,2396,3,TOWER,PATH,ThisPatientISDYING!!,3Thi
dPATH0444,2677,1221,4,TOWER,PATH,CenterTopLeftCircle,3Cen
dPATH0565,2489,738,5,TOWER,PATH,IDontWant,3IDo
HHALL00405,1473,3220,5,Tower,HALL,Hallway Connector 4 Floor 3,Hallway H00403
dPATH0315,2095,2575,5,TOWER,PATH,IWonderWhatFoodTastesLike,3IWo
dPATI01705,2313,2755,5,Tower,PATI,Patient Rooms Pod C,PRC
dPATI01704,2304,2751,4,Tower,PATI,Patient Rooms Pod C,PRC
WELEV00L05,3496,1655,5,Tower,ELEV,Elevator L Floor 3,Elevator L3
WELEV00L03,3500,1658,3,Tower,ELEV,Elevator L Floor 3,Elevator L3
WELEV00L04,3498,1649,4,Tower,ELEV,Elevator L Floor 3,Elevator L3
HHALL00402,3808,2115,2,Tower,HALL,Hallway Connector 4 Floor 2,Hallway H00402
HHALL00403,1473,3220,3,Tower,HALL,Hallway Connector 4 Floor 3,Hallway H00403
HHALL00404,1471,3219,4,Tower,HALL,Hallway Connector 4 Floor 3,Hallway H00403
dPATH007L1,3415,2439,L1,TOWER,PATH,LeftDownDown,L1Lef
HSERV00104,3358,1390,4,Tower,SERV,Nursing Room,Nursing Room
HSERV00103,3358,1390,3,Tower,SERV,Nursing Room,Nursing Room
dPATH007L2,3630,1679,L2,TOWER,PATH,TopElev,L2Top
dPATH0551,4807,3305,1,TOWER,PATH,SkinnyPenisHere,1Ski
dPATI01703,2304,2751,3,Tower,PATI,Patient Rooms Pod C,PRC
dPATH0431,4501,1324,1,TOWER,PATH,ExitTop,1Exi
dPATH0673,3383,1412,3,TOWER,PATH,INeedKnees,3INe
dSTOR001L1,2991,1348,L1,Tower,STOR,OR Bed Park,ORBP
HSERV00105,3358,1390,5,Tower,SERV,Nursing Room,Nursing Room
dPATH0313,2095,2575,3,TOWER,PATH,IWonderWhatFoodTastesLike,3IWo
dPATH0434,2787,1219,4,TOWER,PATH,CenterTopLeft,3Cen
dPATH0555,2235,648,5,TOWER,PATH,ImAWaterbender,3ImA
dPATH0314,2095,2575,4,TOWER,PATH,IWonderWhatFoodTastesLike,3IWo
dPATH0435,2787,1219,5,TOWER,PATH,CenterTopLeft,3Cen
FHALL00901,2705,1313,1,Tower,HALL,Tower Hallway 2,Hallway F00901
dPATH0311,3199,1876,1,TOWER,PATH,UpLeftUpUpLeftDown,1UpL
dPATH0553,2235,648,3,TOWER,PATH,ImAWaterbender,3ImA
dPATH0674,3383,1412,4,TOWER,PATH,INeedKnees,3INe
dPATH0433,2787,1219,3,TOWER,PATH,CenterTopLeft,3Cen
dPATH0554,2235,648,4,TOWER,PATH,ImAWaterbender,3ImA
dPATH0675,3383,1412,5,TOWER,PATH,INeedKnees,3INe
HHALL01505,3292,1917,5,Tower,HALL,Hallway Connector 15 Floor 3,Hallway H01503
dPATH0304,2198,2354,4,TOWER,PATH,ColeNeedsSOMESleepButNotReally,3Col
dPATH0425,2488,1702,5,TOWER,PATH,CenterCenterLeftCleaning,3Cen
dPATH0305,2198,2354,5,TOWER,PATH,ColeNeedsSOMESleepButNotReally,3Col
dSTOR00405,3050,1158,5,Tower,STOR,Bed and Recliner Parking,BRP
dPATI00505,2147,614,5,Tower,PATI,Patient Rooms Pod B,PRB
dSTOR00404,3050,1158,4,Tower,STOR,Bed and Recliner Parking,BRP
FEXIT00101,4445,1091,1,Tower,EXIT,Shattuck Street Lobby Exit,Shattuck St. Exit
HHALL01503,3292,1917,3,Tower,HALL,Hallway Connector 15 Floor 3,Hallway H01503
HHALL01504,3292,1917,4,Tower,HALL,Hallway Connector 15 Floor 3,Hallway H01503
CHALL005L2,3367,3242,L2,Tower,HALL,Hallway 5 Floor L2,Hallway C005L2
CHALL005L1,3327,3248,L1,Tower,HALL,Hallway 5 Floor L1,Hallway C005L1
dPATI00504,2147,614,4,Tower,PATI,Patient Rooms Pod B,PRB
dSTOR00403,3094,1131,3,Tower,STOR,Bed and Recliner Parking,BRP
dPATH0541,4759,3258,1,TOWER,PATH,BotRightExit,1Bot
dPATI00503,2147,614,3,Tower,PATI,Patient Rooms Pod B,PRB
dPATH0423,2474,1700,3,TOWER,PATH,CenterCenterLeftCleaning,3Cen
dPATH0544,2085,786,4,TOWER,PATH,LightingMyHandOnFireIsPyromancy,3Lig
dPATH0665,3513,1315,5,TOWER,PATH,ShafathIsANerd,3Sha
dPATH0303,2198,2354,3,TOWER,PATH,ColeNeedsSOMESleepButNotReally,3Col
dPATH0424,2488,1702,4,TOWER,PATH,CenterCenterLeftCleaning,3Cen
dPATH0545,2085,786,5,TOWER,PATH,LightingMyHandOnFireIsPyromancy,3Lig
dPATH0421,4451,1608,1,TOWER,PATH,UpRightExitHall,1UpR
dPATH0663,3513,1315,3,TOWER,PATH,ShafathIsANerd,3Sha
dPATH0301,3199,1793,1,TOWER,PATH,UpLeftUpUpLeft,1UpL
dPATH0543,2085,786,3,TOWER,PATH,LightingMyHandOnFireIsPyromancy,3Lig
dPATH0664,3601,1331,4,TOWER,PATH,ShafathIsANerd,3Sha
HHALL00504,3054,3219,4,Tower,HALL,Hallway Connector 5 Floor 3,Hallway H00502
HHALL00505,3054,3217,5,Tower,HALL,Hallway Connector 5 Floor 3,Hallway H00502
dPATH0414,2465,2142,4,TOWER,PATH,IDontCareAboutTheSex,3IDo
dPATH0535,2273,822,5,TOWER,PATH,IAmTelekenesis,3IAm
dPATH0415,2465,2142,5,TOWER,PATH,IDontCareAboutTheSex,3IDo
dPATI01605,2151,2708,5,Tower,PATI,Patient Rooms Pod C,PRC
WELEV00M04,3533,3225,4,Tower,ELEV,Elevator M Floor 3,Elevator M3
CHALL006L2,3356,2192,L2,Tower,HALL,Hallway 6 Floor L2,Hallway C006L2
WELEV00M05,3536,3225,5,Tower,ELEV,Elevator M Floor 3,Elevator M3
WELEV00M02,3534,3226,2,Tower,ELEV,Elevator M Floor 2,Elevator M2
WELEV00M03,3536,3228,3,Tower,ELEV,Elevator M Floor 3,Elevator M3
HHALL00502,3596,2120,2,Tower,HALL,Hallway Connector 5 Floor 2,Hallway H00502
HHALL00503,3056,3220,3,Tower,HALL,Hallway Connector 5 Floor 3,Hallway H00502
dPATH008L1,3415,2829,L1,TOWER,PATH,LeftDownDownOoop,L1Lef
dPATH008L2,3880,1680,L2,TOWER,PATH,RightFromTop,L2Rig
dPATI01604,2164,2685,4,Tower,PATI,Patient Rooms Pod C,PRC
dPATI01603,2164,2685,3,Tower,PATI,Patient Rooms Pod C,PRC
dPATH0533,2273,822,3,TOWER,PATH,IAmTelekenesis,3IAm
dPATH0654,3603,1218,4,TOWER,PATH,EnterLeShitter,3Ent
dPATH0413,2465,2142,3,TOWER,PATH,IDontCareAboutTheSex,3IDo
dPATH0534,2273,822,4,TOWER,PATH,IAmTelekenesis,3IAm
dPATH0655,3513,1222,5,TOWER,PATH,EnterLeShitter,3Ent
dPATH0531,4755,3040,1,TOWER,PATH,BotRightEntrance,1Bot
dPATH0411,4323,1312,1,TOWER,PATH,UpVendingMachine,1UpV
dPATH0653,3513,1222,3,TOWER,PATH,EnterLeShitter,3Ent
dPATH0405,2565,2144,5,TOWER,PATH,IJustCareAboutTheConnection,3IJu
dPATH0403,2565,2144,3,TOWER,PATH,IJustCareAboutTheConnection,3IJu
dPATH0524,2035,969,4,TOWER,PATH,YourBodyDoesTelekenesis,3You
dPATH0645,3381,1221,5,TOWER,PATH,LukeIsSus,3Luk
dPATH0404,2565,2144,4,TOWER,PATH,IJustCareAboutTheConnection,3IJu
dPATH0525,2035,969,5,TOWER,PATH,YourBodyDoesTelekenesis,3You
WELEV00L01,3518,1646,1,Tower,ELEV,Elevator L Floor 1,Elevator L1
WELEV00L02,3508,1677,2,Tower,ELEV,Elevator L Floor 2,Elevator L2
CHALL006L1,4982,3238,L1,Tower,HALL,Hallway 6 Floor L1,Hallway C006L1
dPATI00405,2318,552,5,Tower,PATI,Patient Rooms Pod B,PRB
dPATI00404,2318,552,4,Tower,PATI,Patient Rooms Pod B,PRB
dPATI00403,2318,552,3,Tower,PATI,Patient Rooms Pod B,PRB
dPATH0401,4205,1400,1,TOWER,PATH,TopCashier,1Top
dPATH0643,3381,1221,3,TOWER,PATH,LukeIsSus,3Luk
dPATH0523,2035,969,3,TOWER,PATH,YourBodyDoesTelekenesis,3You
dPATH0644,3381,1221,4,TOWER,PATH,LukeIsSus,3Luk
dPATH0641,4154,3035,1,TOWER,PATH,StairsTo2,1Sta
dPATH0521,4554,3034,1,TOWER,PATH,LongBoi,1Lon